,bad,is,not,good
C,0.38 * 0.12 = 0.05,(0.05*0.17 + 0.01*0.10 + 0.03*0.11 + 0.02*0.25)0.12 = 0.00208,(0.00*0.17 + 0.00*0.10 + 0.01*0.11 + 0.00*0.25)0.12 = 0.00035,(0.00*0.17 + 0.00*0.10 + 0.00*0.11 + 0.00*0.25)0.12 = 0.00005,
N,0.12 * 0.07 = 0.01,(0.05*0.50 + 0.01*0.30 + 0.03*0.56 + 0.02*0.25)0.07 = 0.00342,(0.00*0.50 + 0.00*0.30 + 0.01*0.56 + 0.00*0.25)0.21 = 0.00216,(0.00*0.50 + 0.00*0.30 + 0.00*0.56 + 0.00*0.25)0.07 = 0.00008,
V,0.38 * 0.08 = 0.03,(0.05*0.17 + 0.01*0.40 + 0.03*0.22 + 0.02*0.25)0.58 = 0.01330,(0.00*0.17 + 0.00*0.40 + 0.01*0.22 + 0.00*0.25)0.08 = 0.00044,(0.00*0.17 + 0.00*0.40 + 0.00*0.22 + 0.00*0.25)0.08 = 0.00009,
J,0.12 * 0.14 = 0.02,(0.05*0.17 + 0.01*0.20 + 0.03*0.11 + 0.02*0.25)0.14 = 0.00250,(0.00*0.17 + 0.00*0.20 + 0.01*0.11 + 0.00*0.25)0.14 = 0.00045,(0.00*0.17 + 0.00*0.20 + 0.00*0.11 + 0.00*0.25)0.29 = 0.00019,
