,that,is,bad
C,0.27 * 0.13 = 0.03,(0.03*0.10 + 0.01*0.42 + 0.07*0.10 + 0.02*0.06)0.19 = 0.00292,(0.00*0.10 + 0.00*0.42 + 0.01*0.10 + 0.00*0.06)0.24 = 0.00066,
N,0.08 * 0.12 = 0.01,(0.03*0.05 + 0.01*0.17 + 0.07*0.34 + 0.02*0.07)0.14 = 0.00385,(0.00*0.05 + 0.00*0.17 + 0.01*0.34 + 0.00*0.07)0.17 = 0.00050,
V,0.53 * 0.12 = 0.07,(0.03*0.16 + 0.01*0.37 + 0.07*0.16 + 0.02*0.06)0.27 = 0.00544,(0.00*0.16 + 0.00*0.37 + 0.01*0.16 + 0.00*0.06)0.19 = 0.00055,
J,0.12 * 0.12 = 0.02,(0.03*0.20 + 0.01*0.33 + 0.07*0.21 + 0.02*0.14)0.15 = 0.00397,(0.00*0.20 + 0.00*0.33 + 0.01*0.21 + 0.00*0.14)0.23 = 0.00081,
