,that,is,good
C,0.38 * 0.43 = 0.16,(0.16*0.17 + 0.05*0.10 + 0.03*0.11 + 0.02*0.25)0.14 = 0.00580,(0.01*0.17 + 0.01*0.10 + 0.04*0.11 + 0.01*0.25)0.14 = 0.00113,
N,0.12 * 0.38 = 0.05,(0.16*0.50 + 0.05*0.30 + 0.03*0.56 + 0.02*0.25)0.08 = 0.00915,(0.01*0.50 + 0.01*0.30 + 0.04*0.56 + 0.01*0.25)0.08 = 0.00218,
V,0.38 * 0.09 = 0.03,(0.16*0.17 + 0.05*0.40 + 0.03*0.22 + 0.02*0.25)0.64 = 0.03742,(0.01*0.17 + 0.01*0.40 + 0.04*0.22 + 0.01*0.25)0.09 = 0.00135,
J,0.12 * 0.17 = 0.02,(0.16*0.17 + 0.05*0.20 + 0.03*0.11 + 0.02*0.25)0.17 = 0.00757,(0.01*0.17 + 0.01*0.20 + 0.04*0.11 + 0.01*0.25)0.33 = 0.00295,
