,is,it,bad
C,0.38 * 0.12 = 0.05,max(0.05*0.17*0.12; 0.01*0.10*0.12; 0.22*0.11*0.12; 0.02*0.25*0.12) = 0.00468,max(0.00*0.17*0.12; 0.03*0.10*0.12; 0.01*0.11*0.12; 0.01*0.25*0.12) = 0.00075,
N,0.12 * 0.07 = 0.01,max(0.05*0.50*0.21; 0.01*0.30*0.21; 0.22*0.56*0.21; 0.02*0.25*0.21) = 0.03259,max(0.00*0.50*0.07; 0.03*0.30*0.07; 0.01*0.56*0.07; 0.01*0.25*0.07) = 0.00118,
V,0.38 * 0.58 = 0.22,max(0.05*0.17*0.08; 0.01*0.40*0.08; 0.22*0.22*0.08; 0.02*0.25*0.08) = 0.00537,max(0.00*0.17*0.08; 0.03*0.40*0.08; 0.01*0.22*0.08; 0.01*0.25*0.08) = 0.00137,
J,0.12 * 0.14 = 0.02,max(0.05*0.17*0.14; 0.01*0.20*0.14; 0.22*0.11*0.14; 0.02*0.25*0.14) = 0.00548,max(0.00*0.17*0.14; 0.03*0.20*0.14; 0.01*0.11*0.14; 0.01*0.25*0.14) = 0.00132,
