,bad,is,not,good
C,0.38 * 0.12 = 0.05,max(0.05*0.17*0.12; 0.01*0.10*0.12; 0.03*0.11*0.12; 0.02*0.25*0.12) = 0.00208,max(0.00*0.17*0.12; 0.00*0.10*0.12; 0.01*0.11*0.12; 0.00*0.25*0.12) = 0.00035,max(0.00*0.17*0.12; 0.00*0.10*0.12; 0.00*0.11*0.12; 0.00*0.25*0.12) = 0.00005,
N,0.12 * 0.07 = 0.01,max(0.05*0.50*0.07; 0.01*0.30*0.07; 0.03*0.56*0.07; 0.02*0.25*0.07) = 0.00342,max(0.00*0.50*0.21; 0.00*0.30*0.21; 0.01*0.56*0.21; 0.00*0.25*0.21) = 0.00216,max(0.00*0.50*0.07; 0.00*0.30*0.07; 0.00*0.56*0.07; 0.00*0.25*0.07) = 0.00008,
V,0.38 * 0.08 = 0.03,max(0.05*0.17*0.58; 0.01*0.40*0.58; 0.03*0.22*0.58; 0.02*0.25*0.58) = 0.01330,max(0.00*0.17*0.08; 0.00*0.40*0.08; 0.01*0.22*0.08; 0.00*0.25*0.08) = 0.00044,max(0.00*0.17*0.08; 0.00*0.40*0.08; 0.00*0.22*0.08; 0.00*0.25*0.08) = 0.00009,
J,0.12 * 0.14 = 0.02,max(0.05*0.17*0.14; 0.01*0.20*0.14; 0.03*0.11*0.14; 0.02*0.25*0.14) = 0.00250,max(0.00*0.17*0.14; 0.00*0.20*0.14; 0.01*0.11*0.14; 0.00*0.25*0.14) = 0.00045,max(0.00*0.17*0.29; 0.00*0.20*0.29; 0.00*0.11*0.29; 0.00*0.25*0.29) = 0.00019,
