,is,it,bad
C,0.38 * 0.14 = 0.05,(0.05*0.17 + 0.07*0.10 + 0.03*0.11 + 0.02*0.25)0.12 = 0.00308,(0.00*0.17 + 0.02*0.10 + 0.00*0.11 + 0.00*0.25)0.18 = 0.00066,
N,0.12 * 0.58 = 0.07,(0.05*0.50 + 0.07*0.30 + 0.03*0.56 + 0.02*0.25)0.21 = 0.01511,(0.00*0.50 + 0.02*0.30 + 0.00*0.56 + 0.00*0.25)0.18 = 0.00173,
V,0.38 * 0.09 = 0.03,(0.05*0.17 + 0.07*0.40 + 0.03*0.22 + 0.02*0.25)0.08 = 0.00416,(0.00*0.17 + 0.02*0.40 + 0.00*0.22 + 0.00*0.25)0.18 = 0.00152,
J,0.12 * 0.17 = 0.02,(0.05*0.17 + 0.07*0.20 + 0.03*0.11 + 0.02*0.25)0.14 = 0.00455,(0.00*0.17 + 0.02*0.20 + 0.00*0.11 + 0.00*0.25)0.50 = 0.00255,
