baseline,lesk_official,custom:lesk,custom:lesk+tidf,custom:lesk+syns,custom:lesk+word
50.51546391752577,26.804123711340207,45.36082474226804,45.36082474226804,38.659793814432994,40.20618556701031